{
  "project_info": {
    "project_number": "495548411319",
    "firebase_url": "https://dog-id-7b085-default-rtdb.firebaseio.com",
    "project_id": "dog-id-7b085",
    "storage_bucket": "dog-id-7b085.appspot.com"
  },
  "client": [
    {
      "client_info": {
        "mobilesdk_app_id": "1:495548411319:android:45207eed6fbccc51e00c32",
        "android_client_info": {
          "package_name": "com.example.remotedogchipreader"
        }
      },
      "oauth_client": [
        {
          "client_id": "495548411319-kqlk9cpd28thim9r86t237rmfpd4gifo.apps.googleusercontent.com",
          "client_type": 3
        }
      ],
      "api_key": [
        {
          "current_key": "AIzaSyAPWIK24EzOfUeaPqWCwdu92BEQ6ka4ivc"
        }
      ],
      "services": {
        "appinvite_service": {
          "other_platform_oauth_client": [
            {
              "client_id": "495548411319-kqlk9cpd28thim9r86t237rmfpd4gifo.apps.googleusercontent.com",
              "client_type": 3
            }
          ]
        }
      }
    }
  ],
  "configuration_version": "1"
}